{
    "accuracy": 0.7884444444444444,
    "precision": 0.6791666666666667,
    "recall": 0.5030864197530864,
    "f1_score": 0.5780141843971631
}