{
    "accuracy": 0.7935943060498221,
    "precision": 0.596875,
    "recall": 0.5426136363636364,
    "f1_score": 0.5684523809523809
}